<?xml version="1.0" encoding="UTF-8" standalone="yes"?>
<objectModel xmlns="http://standards.ieee.org/IEEE1516-2010">
    <modelIdentification>
        <name>Link16</name>
        <type>FOM</type>
        <version>v1.0 Draft 2</version>
        <modificationDate>2008-05-26</modificationDate>
        <securityClassification>Undefined</securityClassification>
        <purpose>Link-16 Base Object Model (BOM)</purpose>
        <applicationDomain>C4ISR &amp; C2 platform </applicationDomain>
        <description>Undefined</description>
        <useLimitation></useLimitation>
        <poc>
            <pocType>Primary author</pocType>
            <pocName>Lennart Olsson</pocName>
            <pocOrg>Pitch Technologies</pocOrg>
            <pocTelephone>+46 13 4705506</pocTelephone>
            <pocEmail>lennart.olsson@pitch.se</pocEmail>
        </poc>
        <poc>
            <pocType>Sponsor</pocType>
            <pocName>FMV</pocName>
        </poc>
        <reference>
            <type>HLA Evolved Conversion Tool</type>
            <identification>Pitch Visual OMT 1516 v1.6.0</identification>
        </reference>
        <reference>
            <type>Converted From</type>
            <identification>Link16_v1.0-D2_2000.xml</identification>
        </reference>
        <other>Created with Visual OMT 1516</other>
    </modelIdentification>
    <interactions>
        <interactionClass>
            <name>HLAinteractionRoot</name>
            <interactionClass>
                <name>RadioSignal</name>
                <interactionClass>
                    <name>RawBinaryRadioSignal</name>
                    <interactionClass>
                        <name>TDLBinaryRadioSignal</name>
                        <sharing>Neither</sharing>
                        <dimensions/>
                        <transportation>HLAreliable</transportation>
                        <order>Receive</order>
                        <semantics>Parent class for all TDL radio signals</semantics>
                        <interactionClass>
                            <name>Link16RadioSignal</name>
                            <sharing>Subscribe</sharing>
                            <dimensions/>
                            <transportation>HLAreliable</transportation>
                            <order>Receive</order>
                            <semantics>Link-16 radio signal</semantics>
                            <parameter>
                                <name>NPGNumber</name>
                                <dataType>UnsignedShort1</dataType>
                                <semantics>Network/Needline Participation Group (NPG) number. Used to segregate information within a JTIDS/MIDS network. Creates virtual networks of participants.</semantics>
                            </parameter>
                            <parameter>
                                <name>NetNumber</name>
                                <dataType>HLAoctet</dataType>
                                <semantics>Network Number. Used to create virtual sub-circuits within NPG for stacked nets or between NPGs for multi-net.</semantics>
                            </parameter>
                            <parameter>
                                <name notes="noteLabel_2">PerceivedTransmitTime</name>
                                <dataType>LongLong1</dataType>
                                <semantics>The time at which the radio signal is transmitted</semantics>
                            </parameter>
                            <parameter>
                                <name notes="noteLabel_3">TimeSlotID</name>
                                <dataType>UnsignedLong1</dataType>
                                <semantics>Timeslot identification. Bit encoded field. Bits 0-16 denote the Timeslot number. Timeslot 0 represents timeslot A-1, timeslot 98303 represents C-32767. When the epoch is 112, the last valid timeslot is 45151 (end of the day). Bits 17-23 are padding and shall be set to 0. Bits 24-31 denote the Epoch Number. An epoch is 12.8 minutes long, 112.5 Epochs in a 24 hour day. Part of timeslot identification.</semantics>
                            </parameter>
                            <parameter>
                                <name>TSEC_CVLL</name>
                                <dataType>HLAoctet</dataType>
                                <semantics>Transmission Security, an integer identification of the crypto variable used for JTIDS transmission encryption. This variable allows for simulated crypto netting. A value of 255 shall indicate a no statement/wildcard.</semantics>
                            </parameter>
                            <parameter>
                                <name>MSEC_CVLL</name>
                                <dataType>HLAoctet</dataType>
                                <semantics>Message Security, an integer identification of the crypto variable used to encode the JTIDS message. This variable allows for simulated crypto netting. A value of 255 shall indicate a no statement/wildcard.</semantics>
                            </parameter>
                            <interactionClass>
                                <name>JTIDSMessageRadioSignal</name>
                                <sharing>PublishSubscribe</sharing>
                                <dimensions/>
                                <transportation>HLAreliable</transportation>
                                <order>Receive</order>
                                <semantics>Link-16 radio signal containing a TADIL-J message</semantics>
                                <parameter>
                                    <name>JTIDSHeader</name>
                                    <dataType>JTIDSHeaderStruct</dataType>
                                    <semantics>Describes data about the JTIDS message</semantics>
                                </parameter>
                                <parameter>
                                    <name>TADILJMessage</name>
                                    <dataType>TADILJWordStructArray2</dataType>
                                    <semantics>The TADIL-J message</semantics>
                                </parameter>
                            </interactionClass>
                            <interactionClass>
                                <name>RTTABRadioSignal</name>
                                <sharing>PublishSubscribe</sharing>
                                <dimensions/>
                                <transportation>HLAreliable</transportation>
                                <order>Receive</order>
                                <semantics>Link-16 radio signal containing an RTT/A or RTT/B message</semantics>
                                <parameter>
                                    <name>RTTAB</name>
                                    <dataType>RTTABStruct</dataType>
                                    <semantics>The RTT A/B message</semantics>
                                </parameter>
                            </interactionClass>
                            <interactionClass>
                                <name>RTTReplyRadioSignal</name>
                                <sharing>PublishSubscribe</sharing>
                                <dimensions/>
                                <transportation>HLAreliable</transportation>
                                <order>Receive</order>
                                <semantics>Link-16 radio signal containing an RTT Reply message</semantics>
                                <parameter>
                                    <name>RTTReply</name>
                                    <dataType>RTTReplyStruct</dataType>
                                    <semantics>*** LINK-16 BOM Interaction Parameter ***</semantics>
                                </parameter>
                            </interactionClass>
                            <interactionClass>
                                <name>JTIDSVoiceCVSDRadioSignal</name>
                                <sharing>PublishSubscribe</sharing>
                                <dimensions/>
                                <transportation>HLAreliable</transportation>
                                <order>Receive</order>
                                <semantics>Link-16 radio signal containing a Voice message encoded using CVSD</semantics>
                                <parameter>
                                    <name>JTIDSHeader</name>
                                    <dataType>JTIDSHeaderStruct</dataType>
                                    <semantics>JTIDS Header</semantics>
                                </parameter>
                                <parameter>
                                    <name>Data</name>
                                    <dataType>octetArray3</dataType>
                                    <semantics>Data</semantics>
                                </parameter>
                            </interactionClass>
                            <interactionClass>
                                <name>JTIDSVoiceLPC10RadioSignal</name>
                                <sharing>PublishSubscribe</sharing>
                                <dimensions/>
                                <transportation>HLAreliable</transportation>
                                <order>Receive</order>
                                <semantics>Link-16 radio signal containing a Voice message encoded using LPC10</semantics>
                                <parameter>
                                    <name>JTIDSHeader</name>
                                    <dataType>JTIDSHeaderStruct</dataType>
                                    <semantics>JTIDS Header</semantics>
                                </parameter>
                                <parameter>
                                    <name>Data</name>
                                    <dataType>octetArray3</dataType>
                                    <semantics>Data</semantics>
                                </parameter>
                            </interactionClass>
                            <interactionClass>
                                <name>JTIDSVoiceLPC12RadioSignal</name>
                                <sharing>PublishSubscribe</sharing>
                                <dimensions/>
                                <transportation>HLAreliable</transportation>
                                <order>Receive</order>
                                <semantics>Link-16 radio signal containing a Voice message encoded using LPC12</semantics>
                                <parameter>
                                    <name>JTIDSHeader</name>
                                    <dataType>JTIDSHeaderStruct</dataType>
                                    <semantics>JTIDS Header</semantics>
                                </parameter>
                                <parameter>
                                    <name>Data</name>
                                    <dataType>octetArray3</dataType>
                                    <semantics>Data</semantics>
                                </parameter>
                            </interactionClass>
                            <interactionClass>
                                <name>JTIDSLETradioSignal</name>
                                <sharing>PublishSubscribe</sharing>
                                <dimensions/>
                                <transportation>HLAreliable</transportation>
                                <order>Receive</order>
                                <semantics>Link-16 radio signal containing a Link-16 Enhanced Throughput (LET) encoded message</semantics>
                                <parameter>
                                    <name>TADILJMessage</name>
                                    <dataType>TADILJWordStructArray2</dataType>
                                    <semantics>Data</semantics>
                                </parameter>
                                <parameter>
                                    <name>LETHeader</name>
                                    <dataType>LETHeaderStruct</dataType>
                                    <semantics>LET Header</semantics>
                                </parameter>
                            </interactionClass>
                            <interactionClass>
                                <name>VMFRadioSignal</name>
                                <sharing>PublishSubscribe</sharing>
                                <dimensions/>
                                <transportation>HLAreliable</transportation>
                                <order>Receive</order>
                                <semantics>Link-16 radio signal containing a Variable Message Format (VMF) message</semantics>
                                <parameter>
                                    <name>JTIDSHeader</name>
                                    <dataType>JTIDSHeaderStruct</dataType>
                                    <semantics>JTIDS Header</semantics>
                                </parameter>
                                <parameter>
                                    <name>TADILJMessage</name>
                                    <dataType>TADILJWordStructArray2</dataType>
                                    <semantics>Data</semantics>
                                </parameter>
                            </interactionClass>
                        </interactionClass>
                    </interactionClass>
                </interactionClass>
            </interactionClass>
        </interactionClass>
    </interactions>
    <dataTypes>
        <basicDataRepresentations>
            <basicData>
                <name>Unsignedinteger64BE</name>
                <size>64</size>
                <interpretation>64 bit unsigned Integer</interpretation>
                <endian>Big</endian>
                <encoding>64-bit unsigned integer.</encoding>
            </basicData>
            <basicData>
                <name>UnsignedInteger16BE</name>
                <size>16</size>
                <interpretation>Integer in the range [0, 2^16-1]</interpretation>
                <endian>Big</endian>
                <encoding>16-bit, integer value.</encoding>
            </basicData>
            <basicData>
                <name>UnsignedInteger32BE</name>
                <size>32</size>
                <interpretation>Integer in the range [0, 2^31-1]</interpretation>
                <endian>Big</endian>
                <encoding>32-bit, integer value.</encoding>
            </basicData>
        </basicDataRepresentations>
        <simpleDataTypes/>
        <enumeratedDataTypes>
            <enumeratedData>
                <name notes="noteLabel_1">TSALevelEnum8</name>
                <representation>HLAinteger16BE</representation>
                <semantics></semantics>
                <enumerator>
                    <name>LowFidelityLevel1</name>
                    <value>1</value>
                </enumerator>
                <enumerator>
                    <name>LowFidelityLevel0</name>
                    <value>0</value>
                </enumerator>
                <enumerator>
                    <name>MediumFidelityLevel2</name>
                    <value>2</value>
                </enumerator>
                <enumerator>
                    <name>HighFidelityLevel4</name>
                    <value>4</value>
                </enumerator>
                <enumerator>
                    <name>MediumFidelityLevel3</name>
                    <value>3</value>
                </enumerator>
            </enumeratedData>
            <enumeratedData>
                <name notes="noteLabel_1">JTIDSPrimaryModeEnum8</name>
                <representation>HLAinteger16BE</representation>
                <semantics></semantics>
                <enumerator>
                    <name>NTR</name>
                    <value>1</value>
                </enumerator>
                <enumerator>
                    <name>JTIDSUnitParticipant</name>
                    <value>2</value>
                </enumerator>
            </enumeratedData>
            <enumeratedData>
                <name notes="noteLabel_1">JTIDSSecondaryModeEnum8</name>
                <representation>HLAinteger16BE</representation>
                <semantics></semantics>
                <enumerator>
                    <name>SecondaryNavigationController</name>
                    <value>3</value>
                </enumerator>
                <enumerator>
                    <name>PrimaryNavigationController</name>
                    <value>2</value>
                </enumerator>
                <enumerator>
                    <name>NetPositionReference</name>
                    <value>1</value>
                </enumerator>
                <enumerator>
                    <name>None</name>
                    <value>0</value>
                </enumerator>
            </enumeratedData>
            <enumeratedData>
                <name notes="noteLabel_1">JTIDSSynchronizationStateEnum8</name>
                <representation>HLAinteger16BE</representation>
                <semantics></semantics>
                <enumerator>
                    <name>CourseSynchronization</name>
                    <value>2</value>
                </enumerator>
                <enumerator>
                    <name>FineSynchronization</name>
                    <value>3</value>
                </enumerator>
            </enumeratedData>
        </enumeratedDataTypes>
        <arrayDataTypes>
            <arrayData>
                <name>TADILJWordStructArray2</name>
                <dataType>TADILJWordStruct</dataType>
                <cardinality>[1..2147483647]</cardinality>
                <encoding>Undefined</encoding>
                <semantics></semantics>
            </arrayData>
            <arrayData>
                <name>octetArray1</name>
                <dataType>HLAoctet</dataType>
                <cardinality>6</cardinality>
                <encoding>Undefined</encoding>
                <semantics></semantics>
            </arrayData>
            <arrayData>
                <name>octetArray2</name>
                <dataType>HLAoctet</dataType>
                <cardinality>10</cardinality>
                <encoding>Undefined</encoding>
                <semantics></semantics>
            </arrayData>
        </arrayDataTypes>
        <fixedRecordDataTypes>
            <fixedRecordData>
                <name>JTIDSHeaderStruct</name>
                <encoding>HLAfixedRecord</encoding>
                <semantics></semantics>
                <field>
                    <name>Data</name>
                    <dataType>octetArray1</dataType>
                    <semantics></semantics>
                </field>
            </fixedRecordData>
            <fixedRecordData>
                <name notes="noteLabel_6">RTTReplyStruct</name>
                <encoding>HLAfixedRecord</encoding>
                <semantics></semantics>
                <field>
                    <name notes="noteLabel_6">Data</name>
                    <dataType>octetArray1</dataType>
                    <semantics></semantics>
                </field>
            </fixedRecordData>
            <fixedRecordData>
                <name notes="noteLabel_4">LETHeaderStruct</name>
                <encoding>HLAfixedRecord</encoding>
                <semantics></semantics>
                <field>
                    <name notes="noteLabel_4">Data</name>
                    <dataType>octetArray1</dataType>
                    <semantics></semantics>
                </field>
            </fixedRecordData>
            <fixedRecordData>
                <name notes="noteLabel_7">TADILJWordStruct</name>
                <encoding>HLAfixedRecord</encoding>
                <semantics></semantics>
                <field>
                    <name notes="noteLabel_7">Data</name>
                    <dataType>octetArray2</dataType>
                    <semantics></semantics>
                </field>
            </fixedRecordData>
            <fixedRecordData>
                <name>JTIDSTransmitterStruct</name>
                <encoding>HLAfixedRecord</encoding>
                <semantics></semantics>
                <field>
                    <name>TimeSlotAlocationMode</name>
                    <dataType>TSALevelEnum8</dataType>
                    <semantics></semantics>
                </field>
                <field>
                    <name>TransmittingTerminalPrimaryMode</name>
                    <dataType>JTIDSPrimaryModeEnum8</dataType>
                    <semantics></semantics>
                </field>
                <field>
                    <name>TransmittingTerminalSecondaryMode</name>
                    <dataType>JTIDSSecondaryModeEnum8</dataType>
                    <semantics></semantics>
                </field>
                <field>
                    <name>SynchronizationState</name>
                    <dataType>JTIDSSynchronizationStateEnum8</dataType>
                    <semantics></semantics>
                </field>
                <field>
                    <name>NetworkSynchronizationID</name>
                    <dataType>UnsignedLong1</dataType>
                    <semantics></semantics>
                </field>
            </fixedRecordData>
        </fixedRecordDataTypes>
        <variantRecordDataTypes/>
    </dataTypes>
    <notes>
        <note>
            <label>noteLabel_1</label>
            <semantics>Value is integer percent from 1 to 100</semantics>
        </note>
        <note>
            <label>noteLabel_2</label>
            <semantics>The units for the MarkingData are specified by the value of the MarkingEncodingType.</semantics>
        </note>
        <note>
            <label>noteLabel_3</label>
            <semantics>The AttributeChangeResult interaction should be sent in response to an AttributeChangeRequest interaction by any object that is mentioned in the associated object list.  The AttributeChangeResult parameter should indicate the success or failure of the object to implement the requested changes.  If the object can implement the changes then the AttributeChangeResult parameter should be set to successful and the AttributeValueSet shall be empty.\r\n\r\nIf the object cannot immediately comply with the request, but is likely to be able to comply in the future then the AttributeChangeRequest parameter shall be set to pending and the AttributeValueSet shall be empty.  When the object complies with the request (or fails to implement the request) then another AttributeChangeResult interaction shall be sent informing the initiating federate of the result of the request.\r\n\r\nIf the object cannot comply with the request then the AttributeChangeResult parameter shall indicate the reason why the object cannot comply with the request,  The AttributeValueSet shall contain the attributes which have been not been set and the current values of those attributes.</semantics>
        </note>
        <note>
            <label>noteLabel_4</label>
            <semantics>This is the unique ObjectName associated with each object instance. The user can define the name to be used in the registerObjectInstance RTI call. If user does not define the name then the RTI will generate a unique name for the object. RTI generated names may be fairly long, so federations wishing to conserve bandwidth may wish to implement their own object naming scheme. \r\n\r\nThe ObjectName is provided by the RTI in the discoverObjectInstance call. The user can also obtain the ObjectName for a particular object instance using the getObjectInstanceName call.</semantics>
        </note>
        <note>
            <label>noteLabel_5</label>
            <semantics>Currently the entity type record is a variant record as in DIS (the meaning of the enumerations in each field depends on the enumerations in the fields preceding it). In the future it is intended to flatten the structure so that there is a single set of enumerations for each field.  This may be achieved by offsetting the start of each block of enumerations, using different offsets for each block.</semantics>
        </note>
        <note>
            <label>noteLabel_6</label>
            <semantics>The current OMT standard does not allow the definition of variant records in complex data types, i.e. where a field may be present or absent according to the state of another variable (although the RTI does not disallow this, since the application is responsible for the data marshalling of complex data types). The RPR-FOM uses the convention that a cardinality of 0-1 denotes a variant record field.</semantics>
        </note>
        <note>
            <label>noteLabel_7</label>
            <semantics>The contents of the AntennaPatternStruct complex datatype depends on the value of the AntennaPatternType attribute as follows:\r\n\r\nValues: \"Other\" or \"OmniDirectional\"\r\n  Structure is empty\r\n\r\nValue: \"Beam\"\r\n  Structure contains 1 \"BeamAntenna\" field and 0 SphericalHarmonicAntenna\" fields\r\n\r\nValue: \"SphericalHarmonic\"\r\n  Structure contains 0 \"BeamAntenna\" field and 1 SphericalHarmonicAntenna\" fields</semantics>
        </note>
        <note>
            <label>noteLabel_8</label>
            <semantics>This is an 8-bit enumeration</semantics>
        </note>
        <note>
            <label>noteLabel_9</label>
            <semantics>This is a 16-bit enumeration</semantics>
        </note>
        <note>
            <label>noteLabel_10</label>
            <semantics>This is a 32-bit enumeration</semantics>
        </note>
        <note>
            <label>noteLabel_11</label>
            <semantics>This structure is taken directly from the IEEE 1278.1-1995 (DIS) definition of the Spherical Harmonic Antenna Pattern record (section 5.2.4.3). It does not comply with the DIS field alignment rules (which is an error in the DIS standard). Therefore some federates may not be able to process this structure directly, but must copy the contents a field at a time to an equivalent structure that does comply with the DIS field alignment rules.</semantics>
        </note>
        <note>
            <label>noteLabel_12</label>
            <semantics>The Acknowledge interaction is issued in response to the CreateEntity, RemoveEntity, StartResume, and StopFreeze interactions.  See (DIS 4.4.5.4.5 Acknowledge PDU) and (DIS 5.4.6.5 Acknowledge PDU).</semantics>
        </note>
        <note>
            <label>noteLabel_13</label>
            <semantics>This is a timestamp record (see DIS 5.2.31)</semantics>
        </note>
        <note>
            <label>noteLabel_14</label>
            <semantics>Each element i indicates whether the portion of the segment beginning at the segment origin + (i*Breach Length) and extending i* Breach Length meters is breached or not.</semantics>
        </note>
        <note>
            <label>noteLabel_15</label>
            <semantics>The AcknowledgeR interaction is issued in response to the CreateEntityR, RemoveEntityR, StartResumeR, and StopFreezeR interactions.  See (DIS 4.4.11.3.5 Acknowledge-R PDU) and (DIS 5.3.12.5 Acknowledge-R PDU).</semantics>
        </note>
        <note>
            <label>noteLabel_16</label>
            <semantics>See DIS 4.5.11 for a description of the acknowledgement protocols (called reliability services in that document).</semantics>
        </note>
        <note>
            <label>noteLabel_17</label>
            <semantics>If the EntityNumber field is set to RQST_ASSIGN_ID (hex FFFE) then the receiving application should assign the entity number.  Entity identifications shall be in accordance with DIS 5.2.14.2.</semantics>
        </note>
        <note>
            <label>noteLabel_18</label>
            <semantics>The Request ID is a monotonically increasing integer identifier inserted by the Simulation Manager into all Simulation management interactions. It is used as a unique identifier to identify the latest in a series of competing requests and identifying acknowledgements.</semantics>
        </note>
        <note>
            <label>noteLabel_19</label>
            <semantics>This field matches this response with the specific ActionRequest interaction sent by the simulation manager.</semantics>
        </note>
        <note>
            <label>noteLabel_20</label>
            <semantics>This field matches this response with the specific SetData or DataQuery interaction sent by the simulation manager.</semantics>
        </note>
        <note>
            <label>noteLabel_21</label>
            <semantics>This field matches this response with the specific RemoveObject interaction sent by the simulation manager.</semantics>
        </note>
        <note>
            <label>noteLabel_22</label>
            <semantics>If there is no object instance associated with the attribute, then this should be set to the empty string (no characters).</semantics>
        </note>
        <note>
            <label>noteLabel_23</label>
            <semantics>Only one of the varient record types is included in each intercom parameter structure. The particular structure included is determined by the value of the RecordType field</semantics>
        </note>
        <note>
            <label>noteLabel_24</label>
            <semantics>This must reference a valid Object instance.</semantics>
        </note>
        <note>
            <label>noteLabel_25</label>
            <semantics>Federates shall send the time at which the data is valid in the user defined tag with every attribute values update and interaction.  The time shall be in the first 8 bytes (octets) of the user defined tag, using the DIS timestamp field format (see section 5.2.31 of IEEE 1278.1-1995) converted into hexadecimal ASCII character representation (0-9 and A-F).  The ordering of the characters shall be in accordance with section 5.1.1 of IEEE 1278.1-1995, that is most significant octet first, with the most significant bits first (i.e. the character for bits 4-7 precedes the character for bits 0-3).\r\n\r\nAll federates shall transmit this field, even if they do not use it themselves, so that other federates can use its value to compensate for network transport delays.</semantics>
        </note>
        <note>
            <label>noteLabel_26</label>
            <semantics>The EventIdentifier attribute is used to link together updates arising from a common event. For example an emitter function change can be linked to a frequency change in one of its associated emitter beams, by using the same event ID in the attribute updates to the appropriate EmitterSystem and EmitterBeam classes.\r\n\r\nIt is important to note that in order that the EventIdentifier is delivered in the same reflect attribute values call in the receiving federates as the associated attributes, then all the attributes, including the EventIdentifier, must share the same transport type.</semantics>
        </note>
        <note>
            <label>noteLabel_27</label>
            <semantics>The federate should change the value of the EventIdentifier when associating changes between two or more emitter beams and/or emitter systems. It is not necessary to update the EventIdentifier field with every attribute update if the change is not associated with changes in other instances of other classes.</semantics>
        </note>
        <note>
            <label>noteLabel_28</label>
            <semantics>Warning - this data type corresponds with the definition of attribute handles in the current RTI specification (v1.3). The RTI specification does not guarantee that the attribute handle will continue to use this data type in future versions of the standard.</semantics>
        </note>
        <note>
            <label>noteLabel_29</label>
            <semantics>All fields in the entity type struct are enumerations.  The values for the individual fields are defined in section for of \"Enumeration and Bit-Encoded Values for use with IEEE 1278.1-1995\" (EBV-DOC).  The values used in this structure should comply with the requirements specified in section 5.2.16 of IEEE 1278.1-1995 (for platform and environmental entities) and section 5.2.39 of IEEE 1278.1A-1998 (for aggregate entities).</semantics>
        </note>
        <note>
            <label>noteLabel_30</label>
            <semantics>The emitter names have been generated from the names in the enumeration document (EBV-DOC) according to the following rules:\r\n\r\na) The emitter name is the National Nomenclature name if there is one. If not then the emitter name is the NATO Reporting Name, if there is one. If not then then the emitter name is the Commercial Designation.\r\nb) All spaces have been replaced by underscores.\r\nc) If emitter name starts with a digit, then prepend \"Emitter_\".\r\nd) The round barck characters, \"(\" and \")\" have been replaced with angle brackets, \"&lt;\" and \"&gt;\" respectively.</semantics>
        </note>
        <note>
            <label>noteLabel_31</label>
            <semantics>The object IDs in this structure shall refer to EmitterBeam objects (or subclasses of EmitterBeam)</semantics>
        </note>
        <note>
            <label>noteLabel_32</label>
            <semantics>The object IDs in this structure shall refer to  PhysicalEntity objects (or subclasses of PhysicalEntity)</semantics>
        </note>
        <note>
            <label>noteLabel_33</label>
            <semantics>The contents of the ParameterValueStruct complex datatype depends on the value of the ParameterType attribute as follows:\r\n\r\nValues: \"ArticulatedPart\"\r\n  Structure contains 1 \"ArticulatedParts\" field and 0 \"AttachedParts\" fields\r\n\r\nValue: \"AttachedPart\"\r\n  Structure contains 0 \"ArticulatedParts\" field and 1 \"AttachedParts\" fields\r\n\r\nThe active field is located immediately after the ParameterType field (i.e. both the ArticulatedParts field and AttachedParts field start at an offset of 4 bytes from the start of the ParameterValueStruct).</semantics>
        </note>
        <note>
            <label>noteLabel_34</label>
            <semantics>All the fields in the radio type struct are enumerations.  The values for the individual fields (that do not use enumeration datatypes from within the RPR FOM) are defined in section for of \"Enumeration and Bit-Encoded Values for use with IEEE 1278.1-1995\" (EBV-DOC).  The values used in this structure should comply with the requirements specified in section 5.2.16 of IEEE 1278.1-1995.</semantics>
        </note>
        <note>
            <label>noteLabel_35</label>
            <semantics>This attribute is updated if the current value differs from the previously updated value by more than the value specified by the symbolic name (see section 5.1.4 of IEE 1278.1-1995 for the actual values of the symbolic names)</semantics>
        </note>
        <note>
            <label>noteLabel_36</label>
            <semantics>See section 5.1.4 of IEEE 1278.1-1995 for the values of the symbolic name</semantics>
        </note>
        <note>
            <label>noteLabel_37</label>
            <semantics>This condition is TRUE when TSPI_Change is TRUE and the actual accleration differs from the last transmitted acceleration by more than a threshold value in any direction.  The default threshold shall be DRA_ACCEL_EPSILON_DFLT (see note 44)</semantics>
        </note>
        <note>
            <label>noteLabel_38</label>
            <semantics>The TSPI_Change condition shall be evaluated as follows:\r\n\r\nThe owner of a base entity object shall maintain two state models of the object in support of the dead reckoning process.  One model shall be the internal model used by the simulation application to  represent that object.  The other shall be a dead reckoning model of the object.  Certain thresholds shall be established as criteria for determining if the object\'s actual TSPI data has varied by an allowable amount from the dead reckoned TSPI data.\r\n\r\nTSPI_Change is TRUE when either:-\r\na) the objects actual position differs from the dead reckoned position by more than DRA_POS_THRSH_DFLT \r\nb) the objects actual orientation differs from the dead reckoned orientation by more than DRA_ORIENT_THRSH_DFLT  \r\n\r\nSee section 5.1.4 of IEEE 1278.1-1995 for the value of these symbolic constants</semantics>
        </note>
        <note>
            <label>noteLabel_39</label>
            <semantics>This condition is TRUE when TSPI_Change is TRUE and the actual angular velocity differs from the last transmitted angular velocity by more than a threshold value in any direction.  The default threshold shall be DRA_ANG_VEL_EPSILON_DFLT (see note 44)</semantics>
        </note>
        <note>
            <label>noteLabel_40</label>
            <semantics>This condition is TRUE when TSPI_Change is TRUE and the actual orientation differs from the last transmitted orientation by more than a threshold value in any orientation.  The default threshold shall be DRA_ORIENT_EPSILON_DFLT (see note 44)</semantics>
        </note>
        <note>
            <label>noteLabel_41</label>
            <semantics>This condition is TRUE when TSPI_Change is TRUE and the actual position differs from the last transmitted positition by more than a threshold value in any direction.  The default threshold shall be DRA_POS_EPSILSON_DFLT (see note 44)</semantics>
        </note>
        <note>
            <label>noteLabel_42</label>
            <semantics>This condition is TRUE when TSPI_Change is TRUE and the actual velocity differs from the last transmitted velocity by more than a threshold value in any direction. The default threshold shall be DRA_VEL_EPSILON_DFLT (see note 44)</semantics>
        </note>
        <note>
            <label>noteLabel_43</label>
            <semantics>The values of the default update conditions is as follows:-\r\n\r\nDRA_POS_EPSILON_DFLT       0.001   m\r\nDRA_ORIENT_EPSILON_DFLT    0.00001 radians\r\nDRA_VEL_EPSILON_DFLT       0.001   m/s\r\nDRA_ACCEL_EPSILON_DFLT     0.001   m/s/s\r\nDRA_ANG_VEL_EPSILON_DFLT   0.00001 radians/s</semantics>
        </note>
        <note>
            <label>noteLabel_44</label>
            <semantics>The value of DS_WAVELENGTH shall be 0.0000001 microns</semantics>
        </note>
        <note>
            <label>noteLabel_45</label>
            <semantics>The DatumLength equals the length in bits of the DatumValue only.  The total size of a VariableDatumStruct record must account for the padding length</semantics>
        </note>
        <note>
            <label>noteLabel_46</label>
            <semantics>There is no data associated with the uniform geometry complex data type. However, to correctly align fields within the EnvironmentRecStruct complex data type all environmental record data types (including this data type) must have a size which is a multiple of 64 bits. Hence 64 bits of padding are included in this record.</semantics>
        </note>
        <note>
            <label>noteLabel_47</label>
            <semantics>All padding fields shall be set to the value 0</semantics>
        </note>
        <note>
            <label>noteLabel_48</label>
            <semantics>Frozen entities should not be dead-reckoned, i.e. should be displayed as fixed at the current location even if non-zero velocity, acceleration or rotation data received from the frozen entity</semantics>
        </note>
        <note>
            <label>noteLabel_49</label>
            <semantics>The value of the MajorModulationType determines which of the remaining modulation type fields are used to described the modulation detail.</semantics>
        </note>
        <note>
            <label>noteLabel_50</label>
            <semantics>These fields are only used when the SINCGARS radio is in FH mode.  They determine the hopping pattern of the SINCGARS radio.  If any one of these fields is different, except FH Synchronization Time Offset, the hopping pattern is different.  Radios on different hopping patterns shall not communicate.</semantics>
        </note>
        <note>
            <label>noteLabel_51</label>
            <semantics>This optional field shall be included (cardinality 1) when the RFModulationSystemType is equal to CCTT_SINCGARS. It shall be excluded (cardinality 0) when the RFModulationSystemType is equal to any other value.</semantics>
        </note>
        <note>
            <label>noteLabel_52</label>
            <semantics>The type of the DatumValue field is determined by the value of the DatumID field. Document EBV 99-01, section 7.1, defines the types and associated units, etc., for each of the DatumID enumeration values. The DatumValue type is defined as a long long (64 bits) to ensure that correct byte alignment for types that include 64-bit elements</semantics>
        </note>
        <note>
            <label>noteLabel_53</label>
            <semantics>The units of the value field depends on the value of the TypeMetric field. The units are defined in section A.2.1.4 of IEEE 1278.1-1995</semantics>
        </note>
        <note>
            <label>noteLabel_54</label>
            <semantics>The units of the FixedDatumValue field is determined by the value of the FixedDatumIdentifier field. Document EBV 99-01, section 7.1, defines the units, etc., for each of the FixedDatumIdentifier enumeration values.</semantics>
        </note>
        <note>
            <label>noteLabel_55</label>
            <semantics>One and only one of its component data is contained in this data structure.  Variants are supposed to have better support in next HLA revision</semantics>
        </note>
        <note>
            <label>noteLabel_56</label>
            <semantics>The structure of this complex data type follows that defined in EBV-DOC (section 12.3.5.1).</semantics>
        </note>
        <note>
            <label>noteLabel_57</label>
            <semantics>The size of the padding field (i.e. its cardinality) is calculated so that the total size of the parent complex data type in bits is a multiple of 64</semantics>
        </note>
        <note>
            <label>noteLabel_58</label>
            <semantics>The size of the padding field (i.e. its cardinality) is calculated so that the total size of the parent complex data type in bits is a multiple of 32</semantics>
        </note>
        <note>
            <label>noteLabel_59</label>
            <semantics>The size of the padding field (i.e. its cardinality) is calculated so that the total size of the parent complex data type in bits is a multiple of 16</semantics>
        </note>
        <note>
            <label>noteLabel_60</label>
            <semantics>The AttributeChangeResultR interaction should be sent in response to an AttributeChangeRequestR interaction by any object that is mentioned in the associated object list.  The AttributeChangeResult parameter should indicate the success or failure of the object to implement the requested changes.  If the object can implement the changes then the AttributeChangeResult parameter should be set to successful and the AttributeValueSet shall be empty.\r\n\r\nIf the object cannot immediately comply with the request, but is likely to be able to comply in the future then the AttributeChangeRequest parameter shall be set to pending and the AttributeValueSet shall be empty.  When the object complies with the request (or fails to implement the request) then another AttributeChangeResultR interaction shall be sent informing the initiating federate of the result of the request.\r\n\r\nIf the object cannot comply with the request then the AttributeChangeResult parameter shall indicate the reason why the object cannot comply with the request,  The AttributeValueSet shall contain the attributes which have been not been set and the current values of those attributes.</semantics>
        </note>
        <note>
            <label>noteLabel_61</label>
            <semantics>The CreateObjectResult interaction should be sent in response to an CreateObjectRequest interaction by the receiving federate.</semantics>
        </note>
        <note>
            <label>noteLabel_62</label>
            <semantics>The CreateObjectResultR interaction should be sent in response to an CreateObjectRequestR interaction by the receiving federate.</semantics>
        </note>
        <note>
            <label>noteLabel_63</label>
            <semantics>The ActionResponse interaction should be sent in response to an ActionRequest interaction by the receiving federate.</semantics>
        </note>
        <note>
            <label>noteLabel_64</label>
            <semantics>The ActionResponseR interaction should be sent in response to an ActionRequestR interaction by the receiving federate.</semantics>
        </note>
        <note>
            <label>noteLabel_65</label>
            <semantics>The ActionResponseFromObject interaction should be sent in response to an ActionRequestToObject interaction by the receiving federate.</semantics>
        </note>
        <note>
            <label>noteLabel_66</label>
            <semantics>The ActionResponseFromObjectR interaction should be sent in response to an ActionRequestToObjectR interaction by the receiving federate.</semantics>
        </note>
        <note>
            <label>noteLabel_67</label>
            <semantics>The Data interaction should be sent in response to a DataQuery interaction by the receiving federate.</semantics>
        </note>
        <note>
            <label>noteLabel_68</label>
            <semantics>The DataR interaction should be sent in response to a DataQueryR interaction by the receiving federate.</semantics>
        </note>
        <note>
            <label>noteLabel_69</label>
            <semantics>The Data interaction should be sent in response to a SetData interaction by the receiving federate.</semantics>
        </note>
        <note>
            <label>noteLabel_70</label>
            <semantics>The DataR interaction should be sent in response to a SetDataR interaction by the receiving federate.</semantics>
        </note>
        <note>
            <label>noteLabel_71</label>
            <semantics>The RemoveObjectResult interaction should be sent in response to an RemoveObjectRequest interaction by the receiving federate.</semantics>
        </note>
        <note>
            <label>noteLabel_72</label>
            <semantics>The standard acknowledgement protocol is identical to the requirements of SIMAN in DIS 1278.1-1995 (i.e. it acts identically to the parent interaction) - see DIS 4.5.5. The other acknowledgement protocols are described in DIS 4.5.11 (they are called reliability services in that document).</semantics>
        </note>
        <note>
            <label>noteLabel_73</label>
            <semantics>This is an entity appearance record (see section 4.3 of the DIS enumeration document). The reason that this has not been split out into separate fields (as has been done for the subclasses of BaseEntity) is the difficulty of providing an efficient manner of defining an array of such appearance fields. IEEE 1516 provides facilities to define bit-encoded fields - it is intended that, as part of the upgrade to IEEE1516, a suitable datatype for the appearance structure will defined for use with this field.</semantics>
        </note>
        <note>
            <label>noteLabel_74</label>
            <semantics>This field is present if the StationName enumerated value is equal to OnStationXYZ. If the StationName field contains any other enumerated value then this field is not present</semantics>
        </note>
        <note>
            <label>noteLabel_75</label>
            <semantics>This field is present if the StationName enumerated value is equal to OnStationRangeBearing. If the StationName field contains any other enumerated value then this field is not present</semantics>
        </note>
        <note>
            <label>noteLabel_76</label>
            <semantics>The relationship and named location fields are not included in this datatype if the entity is not a constituent part of another entity (denoted by the HostEntityIdentifier being set to 0.0.0 and the HostRTIObjectIdentifier being set to the empty string). If the entity is a constituent part of another entity ( denoted by the HostEntityIdentifier being set to a valid entity identifier and the HostRTIObjectIdentifier being set to the RTI object identifier of the host entity) then the Relationship and NamedLocation fields shall be present in this datatype.</semantics>
        </note>
        <note>
            <label>noteLabel_77</label>
            <semantics>If the entity is a constituent part of another entity (denoted by the IsPartOf attribute being set appropriately) then the Spatial attribute may be ignored by a receiving federate. Instead, the receiving federate can calculate spatial attribute values by adding the offsets provided in the RelativeSpatial attribute to the values provided in the host entity\'s Spatial attribute. Even if a federate is updating RelativeSpatial, it should still update Spatial for the benefit of federates who do not subscribe to the optional RelativeSpatial and IsPartOf attributes.</semantics>
        </note>
        <note>
            <label>noteLabel_78</label>
            <semantics>If the entity is a constituent part of another entity (denoted by the IsPartOf attribute being set appropriately) then the IsFrozen attribute is no longer updated. The frozen status of the entity is the same as the frozen status of the host entity.</semantics>
        </note>
        <note>
            <label>noteLabel_79</label>
            <semantics>The type of RecordData is determined by the value of the RecordSetIdentifier field.  Document EBV2000, section 7.1, defines the units, etc. for each of the RecordIdentifier enumeration values.</semantics>
        </note>
        <note>
            <label>noteLabel_80</label>
            <semantics>The number of padding octets added to the RecordSetStruct shall make the sum of the RecordValues field length and the PaddingTo32 field length an even multiple of 32 bits.  This number can be formulated as P = (ceiling(v/32)*32-v)/8 where v is the actual length of the RecordValues data type in bits and ceiling(x) is 1 plus the largest integer less than x.</semantics>
        </note>
        <note>
            <label>noteLabel_81</label>
            <semantics>This field matches this response with the specific SetRecord or RecordQuery interaction sent by the simulation manager.</semantics>
        </note>
        <note>
            <label>noteLabel_82</label>
            <semantics>If this field is zero and the EventType is set to zero then the receving entity or application shall set a single RecordR interaction containing the requested data.</semantics>
        </note>
        <note>
            <label>noteLabel_83</label>
            <semantics>Frequency modulation shall be derived from  database parameters stored for the particular emitting system and specified mode</semantics>
        </note>
        <note>
            <label>noteLabel_84</label>
            <semantics>If layer 2 data is available (determined by the state of the Layer2DataAvailable attribute) then this field shall be transmitted by the federate. If layer 2 data is not available then this field shall not be transmitted by the federate.</semantics>
        </note>
        <note>
            <label>noteLabel_85</label>
            <semantics>The RRB system is a transponder only system</semantics>
        </note>
        <note>
            <label>noteLabel_86</label>
            <semantics>The RecordR interaction should be sent in response to a SetRecordR interaction by the receiving federate.</semantics>
        </note>
        <note>
            <label>noteLabel_87</label>
            <semantics>The RecordR interaction should be sent in response to a RecordQueryR interaction by the receiving federate.</semantics>
        </note>
        <note>
            <label>noteLabel_88</label>
            <semantics>The value of the SpreadSpectrumType determines which of the remaining fields are used to described the spread spectrum detail.</semantics>
        </note>
    </notes>
</objectModel>
