<?xml version="1.0" encoding="UTF-8" standalone="yes"?>
<objectModel xmlns="http://standards.ieee.org/IEEE1516-2010">
    <modelIdentification>
        <name>NETN Service Consumer-Provider</name>
        <type>FOM</type>
        <version>v1.0</version>
        <modificationDate>2010-05-27</modificationDate>
        <securityClassification>Undefined</securityClassification>
        <purpose>A basic pattern for modeling request, negotiation and delivery of services.</purpose>
        <applicationDomain>Training and Education. Platform and aggregate level simulations.</applicationDomain>
        <description>Undefined</description>
        <useLimitation></useLimitation>
        <poc>
            <pocType>Primary author</pocType>
            <pocName>Lennart Olsson</pocName>
            <pocOrg>Pitch Technologies</pocOrg>
            <pocTelephone>+46 13 4705506</pocTelephone>
            <pocEmail>lennart.olsson@pitch.se</pocEmail>
        </poc>
        <poc>
            <pocType>Sponsor</pocType>
            <pocName>FMV</pocName>
        </poc>
        <reference>
            <type>HLA Evolved Conversion Tool</type>
            <identification>Pitch Visual OMT 1516 v1.6.0</identification>
        </reference>
        <reference>
            <type>Converted From</type>
            <identification>NETN_Service_Consumer-Provider_v1.0.1_2000.xml</identification>
        </reference>
        <other>Created with Visual OMT 1516</other>
    </modelIdentification>
    <interactions>
        <interactionClass>
            <name>HLAinteractionRoot</name>
            <interactionClass>
                <name>NETN_Service</name>
                <sharing>Neither</sharing>
                <dimensions/>
                <transportation>HLAreliable</transportation>
                <order>Receive</order>
                <semantics></semantics>
                <parameter>
                    <name>ServiceID</name>
                    <dataType>NETN_EventIdentifier</dataType>
                    <semantics>Unique identifier for a service</semantics>
                </parameter>
                <parameter>
                    <name>Consumer</name>
                    <dataType>NETN_Callsign</dataType>
                    <semantics>Entity that has requested the service</semantics>
                </parameter>
                <parameter>
                    <name>Provider</name>
                    <dataType>NETN_Callsign</dataType>
                    <semantics>Providing or intended provider entity</semantics>
                </parameter>
                <parameter>
                    <name>ServiceType</name>
                    <dataType>NETN_ServiceTypeEnum8</dataType>
                    <semantics>Enumerated value describing the type of service</semantics>
                </parameter>
                <interactionClass>
                    <name>NETN_RequestService</name>
                    <sharing>Neither</sharing>
                    <dimensions/>
                    <transportation>HLAreliable</transportation>
                    <order>Receive</order>
                    <semantics></semantics>
                    <parameter>
                        <name>RequestTimeOut</name>
                        <dataType>NETN_Integer64BE</dataType>
                        <semantics></semantics>
                    </parameter>
                </interactionClass>
                <interactionClass>
                    <name>NETN_OfferService</name>
                    <sharing>Neither</sharing>
                    <dimensions/>
                    <transportation>HLAreliable</transportation>
                    <order>Receive</order>
                    <semantics></semantics>
                    <parameter>
                        <name>IsOffering</name>
                        <dataType>HLAboolean</dataType>
                        <semantics>Defines if the requested service is offered (=true) or not (=false). (Not Optional)</semantics>
                    </parameter>
                    <parameter>
                        <name>RequestTimeOut</name>
                        <dataType>NETN_Integer64BE</dataType>
                        <semantics></semantics>
                    </parameter>
                </interactionClass>
                <interactionClass>
                    <name>NETN_AcceptOffer</name>
                    <sharing>PublishSubscribe</sharing>
                    <dimensions/>
                    <transportation>HLAreliable</transportation>
                    <order>Receive</order>
                    <semantics></semantics>
                </interactionClass>
                <interactionClass>
                    <name>NETN_ServiceStarted</name>
                    <sharing>PublishSubscribe</sharing>
                    <dimensions/>
                    <transportation>HLAreliable</transportation>
                    <order>Receive</order>
                    <semantics></semantics>
                </interactionClass>
                <interactionClass>
                    <name>NETN_ServiceComplete</name>
                    <sharing>PublishSubscribe</sharing>
                    <dimensions/>
                    <transportation>HLAreliable</transportation>
                    <order>Receive</order>
                    <semantics></semantics>
                </interactionClass>
                <interactionClass>
                    <name>NETN_ServiceReceived</name>
                    <sharing>PublishSubscribe</sharing>
                    <dimensions/>
                    <transportation>HLAreliable</transportation>
                    <order>Receive</order>
                    <semantics></semantics>
                </interactionClass>
                <interactionClass>
                    <name>NETN_RejectOffer</name>
                    <sharing>PublishSubscribe</sharing>
                    <dimensions/>
                    <transportation>HLAreliable</transportation>
                    <order>Receive</order>
                    <semantics></semantics>
                </interactionClass>
                <interactionClass>
                    <name>NETN_CancelService</name>
                    <sharing>PublishSubscribe</sharing>
                    <dimensions/>
                    <transportation>HLAreliable</transportation>
                    <order>Receive</order>
                    <semantics></semantics>
                </interactionClass>
                <interactionClass>
                    <name>NETN_ReadyToReceiveService</name>
                    <sharing>PublishSubscribe</sharing>
                    <dimensions/>
                    <transportation>HLAreliable</transportation>
                    <order>Receive</order>
                    <semantics></semantics>
                </interactionClass>
            </interactionClass>
        </interactionClass>
    </interactions>
    <dataTypes>
        <basicDataRepresentations/>
        <simpleDataTypes>
            <simpleData>
                <name>NETN_Integer64BE</name>
                <representation>HLAinteger64BE</representation>
                <units>NA</units>
                <resolution>NA</resolution>
                <accuracy>NA</accuracy>
                <semantics></semantics>
            </simpleData>
            <simpleData>
                <name>NETN_Integer32BE</name>
                <representation>HLAinteger32BE</representation>
                <units>NA</units>
                <resolution>NA</resolution>
                <accuracy>NA</accuracy>
                <semantics></semantics>
            </simpleData>
            <simpleData>
                <name>NETN_Integer16BE</name>
                <representation>HLAinteger16BE</representation>
                <units>NA</units>
                <resolution>NA</resolution>
                <accuracy>NA</accuracy>
                <semantics></semantics>
            </simpleData>
            <simpleData>
                <name>NETN_Float64BE</name>
                <representation>HLAfloat64BE</representation>
                <units>NA</units>
                <resolution>NA</resolution>
                <accuracy>NA</accuracy>
                <semantics></semantics>
            </simpleData>
            <simpleData>
                <name>NETN_Float32BE</name>
                <representation>HLAfloat32BE</representation>
                <units>NA</units>
                <resolution>NA</resolution>
                <accuracy>NA</accuracy>
                <semantics></semantics>
            </simpleData>
            <simpleData>
                <name>NETN_UnsignedInteger32BE</name>
                <representation>Unsignedinteger32BE</representation>
                <units>NA</units>
                <resolution>NA</resolution>
                <accuracy>NA</accuracy>
                <semantics></semantics>
            </simpleData>
        </simpleDataTypes>
        <enumeratedDataTypes>
            <enumeratedData>
                <name>NETN_ServiceTypeEnum8</name>
                <representation>HLAoctet</representation>
                <semantics>Description of NETN services, extension of RPR2 ServiceTypeEnum8</semantics>
                <enumerator>
                    <name>Other</name>
                    <value>0</value>
                </enumerator>
                <enumerator>
                    <name>Resupply</name>
                    <value>1</value>
                </enumerator>
                <enumerator>
                    <name>Repair</name>
                    <value>2</value>
                </enumerator>
                <enumerator>
                    <name>Storage</name>
                    <value>3</value>
                </enumerator>
                <enumerator>
                    <name>Convoy</name>
                    <value>4</value>
                </enumerator>
                <enumerator>
                    <name>CombatAdjudication</name>
                    <value>5</value>
                </enumerator>
            </enumeratedData>
            <enumeratedData>
                <name>InjuryTypeEnum16</name>
                <representation>HLAinteger16LE</representation>
                <semantics></semantics>
                <enumerator>
                    <name>NoInjury</name>
                    <value>0</value>
                </enumerator>
                <enumerator>
                    <name>LightInjury</name>
                    <value>1</value>
                </enumerator>
                <enumerator>
                    <name>MediumInjury</name>
                    <value>2</value>
                </enumerator>
                <enumerator>
                    <name>HeavyInjury</name>
                    <value>3</value>
                </enumerator>
                <enumerator>
                    <name>Dead</name>
                    <value>4</value>
                </enumerator>
            </enumeratedData>
            <enumeratedData>
                <name>NETN_FeatureLevelEnum32</name>
                <representation>HLAinteger32BE</representation>
                <semantics></semantics>
                <enumerator>
                    <name>NoDetail</name>
                    <value>0</value>
                </enumerator>
                <enumerator>
                    <name>EntityDetail_Other</name>
                    <value>1</value>
                </enumerator>
                <enumerator>
                    <name>EntityDetail_Human</name>
                    <value>2</value>
                </enumerator>
                <enumerator>
                    <name>EntityDetail_Equipment</name>
                    <value>3</value>
                </enumerator>
                <enumerator>
                    <name>EntityDetail_Platform</name>
                    <value>4</value>
                </enumerator>
                <enumerator>
                    <name>AggregateDetail</name>
                    <value>5</value>
                </enumerator>
            </enumeratedData>
        </enumeratedDataTypes>
        <arrayDataTypes>
            <arrayData>
                <name>NETN_Callsign</name>
                <dataType>HLAunicodeChar</dataType>
                <cardinality>Dynamic</cardinality>
                <encoding>HLAvariableArray</encoding>
                <semantics></semantics>
            </arrayData>
            <arrayData>
                <name>NETN_Token</name>
                <dataType>HLAbyte</dataType>
                <cardinality>0</cardinality>
                <encoding>HLAfixedArray</encoding>
                <semantics>Empty data</semantics>
            </arrayData>
            <arrayData>
                <name>NETN_ArrayOfObjectDefinition</name>
                <dataType>NETN_ObjectDefinitionStruct</dataType>
                <cardinality>[1..2147483647]</cardinality>
                <encoding>HLAvariableArray</encoding>
                <semantics></semantics>
            </arrayData>
            <arrayData>
                <name>NETN_UniqueID</name>
                <dataType>HLAASCIIchar</dataType>
                <cardinality>11</cardinality>
                <encoding>HLAfixedArray</encoding>
                <semantics>The unique identifier of the object.</semantics>
            </arrayData>
            <arrayData>
                <name>SupplyArray</name>
                <dataType>SupplyStruct</dataType>
                <cardinality>Dynamic</cardinality>
                <encoding>HLAvariableArray</encoding>
                <semantics>-NULL-</semantics>
            </arrayData>
        </arrayDataTypes>
        <fixedRecordDataTypes>
            <fixedRecordData>
                <name>NETN_EventIdentifier</name>
                <encoding>HLAfixedRecord</encoding>
                <semantics>Uniquely identifies an event from an entity.</semantics>
                <field>
                    <name>EventCount</name>
                    <dataType>NETN_Integer32BE</dataType>
                    <semantics>EventCount shall be set to one for each exercise and incremented by one for NETN event. In the case where all possible values are exhausted, the numbers may be reused beginning again at one.</semantics>
                </field>
                <field>
                    <name>IssuingObjectIdentifier</name>
                    <dataType>NETN_Callsign</dataType>
                    <semantics>Callsign for the  entity which issued the event.</semantics>
                </field>
            </fixedRecordData>
            <fixedRecordData>
                <name>NETN_PlatformDescription</name>
                <encoding>HLAfixedRecord</encoding>
                <semantics></semantics>
                <field>
                    <name>PlatformType</name>
                    <dataType>EntityTypeStruct</dataType>
                    <semantics>The type of Platform.</semantics>
                </field>
                <field>
                    <name>DamageState</name>
                    <dataType>DamageStatusEnum32</dataType>
                    <semantics>Degree of damage</semantics>
                </field>
            </fixedRecordData>
            <fixedRecordData>
                <name>NETN_ObjectDescription</name>
                <encoding>HLAfixedRecord</encoding>
                <semantics></semantics>
                <field>
                    <name>Weight</name>
                    <dataType>NETN_Float32BE</dataType>
                    <semantics>Weight of object to embark (in kg).</semantics>
                </field>
                <field>
                    <name>Volume</name>
                    <dataType>NETN_Float32BE</dataType>
                    <semantics>Volume of object to embark (in m3)</semantics>
                </field>
                <field>
                    <name>Type</name>
                    <dataType>HLAASCIIstring</dataType>
                    <semantics></semantics>
                </field>
            </fixedRecordData>
            <fixedRecordData>
                <name>NETN_HumanDescription</name>
                <encoding>HLAfixedRecord</encoding>
                <semantics></semantics>
                <field>
                    <name>HumanType</name>
                    <dataType>EntityTypeStruct</dataType>
                    <semantics>The type of human defined by federate requesting the service.</semantics>
                </field>
                <field>
                    <name>Quantity</name>
                    <dataType>NETN_Integer16BE</dataType>
                    <semantics>The number of person of the human type.</semantics>
                </field>
                <field>
                    <name>Injury</name>
                    <dataType>InjuryTypeEnum16</dataType>
                    <semantics>Degree of injury</semantics>
                </field>
            </fixedRecordData>
            <fixedRecordData>
                <name>NETN_EquipDescription</name>
                <encoding>HLAfixedRecord</encoding>
                <semantics></semantics>
                <field>
                    <name>EquipType</name>
                    <dataType>EntityTypeStruct</dataType>
                    <semantics>The type of equipment</semantics>
                </field>
                <field>
                    <name>Quantity</name>
                    <dataType>NETN_Integer32BE</dataType>
                    <semantics>The number of units of the Equip type.</semantics>
                </field>
                <field>
                    <name>DamageState</name>
                    <dataType>DamageStatusEnum32</dataType>
                    <semantics>Degree of damage</semantics>
                </field>
            </fixedRecordData>
            <fixedRecordData>
                <name>NETN_ObjectDefinitionStruct</name>
                <encoding>HLAfixedRecord</encoding>
                <semantics>NULL</semantics>
                <field>
                    <name>ObjectCallsign</name>
                    <dataType>NETN_Callsign</dataType>
                    <semantics>Callsign of the object (entity or aggregate)</semantics>
                </field>
                <field>
                    <name>ObjectUniqueID</name>
                    <dataType>NETN_UniqueID</dataType>
                    <semantics>ID usable to reference a published entity</semantics>
                </field>
                <field>
                    <name>ObjectFeature</name>
                    <dataType>NETN_ObjectFeatureStruct</dataType>
                    <semantics>Detail of the object</semantics>
                </field>
            </fixedRecordData>
        </fixedRecordDataTypes>
        <variantRecordDataTypes>
            <variantRecordData>
                <name>NETN_ObjectFeatureStruct</name>
                <discriminant>FeatureLevel</discriminant>
                <dataType>NETN_FeatureLevelEnum32</dataType>
                <alternative>
                    <enumerator>AggregateDetail</enumerator>
                    <name>SubObjectList</name>
                    <dataType>NETN_ArrayOfObjectDefinition</dataType>
                    <semantics>List of sub-aggregates or entities that compose the unit</semantics>
                </alternative>
                <alternative>
                    <enumerator>EntityDetail_Other</enumerator>
                    <name>ObjectDetail</name>
                    <dataType>NETN_ObjectDescription</dataType>
                    <semantics>Object caracteristics (if not known)</semantics>
                </alternative>
                <alternative>
                    <enumerator>EntityDetail_Human</enumerator>
                    <name>HumanDetail</name>
                    <dataType>NETN_HumanDescription</dataType>
                    <semantics>Human caracteristics</semantics>
                </alternative>
                <alternative>
                    <enumerator>EntityDetail_Equipment</enumerator>
                    <name>EquipDetail</name>
                    <dataType>NETN_EquipDescription</dataType>
                    <semantics>Equipment caracteristics</semantics>
                </alternative>
                <alternative>
                    <enumerator>EntityDetail_Platform</enumerator>
                    <name>PlatformDetail</name>
                    <dataType>NETN_PlatformDescription</dataType>
                    <semantics>Platform caracteristics (for platforms or units)</semantics>
                </alternative>
                <alternative>
                    <enumerator>NoDetail</enumerator>
                    <name>NoDetail</name>
                    <dataType>NETN_Token</dataType>
                    <semantics>No information appended</semantics>
                </alternative>
                <encoding>HLAvariantRecord</encoding>
                <semantics></semantics>
            </variantRecordData>
        </variantRecordDataTypes>
    </dataTypes>
</objectModel>
