<?xml version="1.0" encoding="UTF-8" standalone="yes"?>
<objectModel xmlns="http://standards.ieee.org/IEEE1516-2010">
    <modelIdentification>
        <name>NETN Logistics</name>
        <type>FOM</type>
        <version>v1.0</version>
        <modificationDate>2010-05-27</modificationDate>
        <securityClassification>Undefined</securityClassification>
        <purpose>Pattern for modeling Logistic service. Base on basic pattern for modeling request, negotiation and delivery of services.</purpose>
        <applicationDomain>Training and Education. Platform and aggregate level simulations.</applicationDomain>
        <description>Undefined</description>
        <useLimitation></useLimitation>
        <poc>
            <pocType>Primary author</pocType>
            <pocName>Jose RUIZ</pocName>
            <pocOrg>CATOD</pocOrg>
            <pocTelephone>+33 142319112</pocTelephone>
            <pocEmail>Jose.ruiz@dga.defense.gouv.fr</pocEmail>
        </poc>
        <poc>
            <pocType>Sponsor</pocType>
            <pocName>FMV</pocName>
        </poc>
        <reference>
            <type>HLA Evolved Conversion Tool</type>
            <identification>Pitch Visual OMT 1516 v1.6.0</identification>
        </reference>
        <reference>
            <type>Converted From</type>
            <identification>NETN_Logistics_v1.1r4_2000.xml</identification>
        </reference>
        <other>Created with Visual OMT 1516</other>
    </modelIdentification>
    <objects>
        <objectClass>
            <name>HLAobjectRoot</name>
            <objectClass>
                <name>BaseEntity</name>
                <objectClass>
                    <name>NETN_Facility</name>
                    <sharing>PublishSubscribe</sharing>
                    <semantics>Logistics Facility dedicated for supplying reparing                          and other services.</semantics>
                    <attribute>
                        <name>DamageState</name>
                        <dataType>DamageStatusEnum32</dataType>
                        <updateType>Conditional</updateType>
                        <updateCondition>On change</updateCondition>
                        <ownership>NoTransfer</ownership>
                        <sharing>PublishSubscribe</sharing>
                        <dimensions/>
                        <transportation>HLAreliable</transportation>
                        <order>Receive</order>
                        <semantics>Damage State of Facility</semantics>
                    </attribute>
                    <attribute>
                        <name>Callsign</name>
                        <dataType>HLAunicodeString</dataType>
                        <updateType>Static</updateType>
                        <updateCondition>N/A</updateCondition>
                        <ownership>NoTransfer</ownership>
                        <sharing>PublishSubscribe</sharing>
                        <dimensions/>
                        <transportation>HLAreliable</transportation>
                        <order>Receive</order>
                        <semantics>Name of the Facility</semantics>
                    </attribute>
                    <attribute>
                        <name>IsOperational</name>
                        <dataType>HLAboolean</dataType>
                        <updateType>Conditional</updateType>
                        <updateCondition>On change</updateCondition>
                        <ownership>NoTransfer</ownership>
                        <sharing>PublishSubscribe</sharing>
                        <dimensions/>
                        <transportation>HLAreliable</transportation>
                        <order>Receive</order>
                        <semantics>The operational status of the facility (true                              = is operational, 1: not)</semantics>
                    </attribute>
                    <attribute>
                        <name>ForceIdentifier</name>
                        <dataType>ForceIdentifierEnum8</dataType>
                        <updateType>Conditional</updateType>
                        <updateCondition>On change</updateCondition>
                        <ownership>NoTransfer</ownership>
                        <sharing>PublishSubscribe</sharing>
                        <dimensions/>
                        <transportation>HLAreliable</transportation>
                        <order>Receive</order>
                        <semantics>Party owning the facility</semantics>
                    </attribute>
                    <attribute>
                        <name>StorageList</name>
                        <dataType>SupplyArray</dataType>
                        <updateType>Conditional</updateType>
                        <updateCondition>On change</updateCondition>
                        <ownership>NoTransfer</ownership>
                        <sharing>PublishSubscribe</sharing>
                        <dimensions/>
                        <transportation>HLAreliable</transportation>
                        <order>Receive</order>
                        <semantics>List of the Material contained in the facility</semantics>
                    </attribute>
                    <attribute>
                        <name>PlatformList</name>
                        <dataType>UniqueIdArrayStruct</dataType>
                        <updateType>Conditional</updateType>
                        <updateCondition>On change</updateCondition>
                        <ownership>NoTransfer</ownership>
                        <sharing>PublishSubscribe</sharing>
                        <dimensions/>
                        <transportation>HLAreliable</transportation>
                        <order>Receive</order>
                        <semantics>Descripltion of platforms located within the facility</semantics>
                    </attribute>
                    <attribute>
                        <name>UniqueID</name>
                        <dataType>NETN_UniqueID</dataType>
                        <updateType>Static</updateType>
                        <updateCondition>N/A</updateCondition>
                        <ownership>NoTransfer</ownership>
                        <sharing>PublishSubscribe</sharing>
                        <dimensions/>
                        <transportation>HLAreliable</transportation>
                        <order>Receive</order>
                        <semantics>The unique identifier of the object.</semantics>
                    </attribute>
                </objectClass>
            </objectClass>
        </objectClass>
    </objects>
    <interactions>
        <interactionClass>
            <name>HLAinteractionRoot</name>
            <interactionClass>
                <name>NETN_Service</name>
                <interactionClass>
                    <name>NETN_RequestService</name>
                    <interactionClass>
                        <name>NETN_RequestSupply</name>
                        <sharing>PublishSubscribe</sharing>
                        <dimensions/>
                        <transportation>HLAreliable</transportation>
                        <order>Receive</order>
                        <semantics>NETN_RequestSupply is used by a consumer to initiate a request for supply from a supply service provider. The amount and type of material is included in the request. In this request the consumer decides whether the loading is done by the provider or by the consumer.</semantics>
                        <parameter>
                            <name>SuppliesData</name>
                            <dataType>SupplyArray</dataType>
                            <semantics>List of type and quantity of supplies requested.</semantics>
                        </parameter>
                        <parameter>
                            <name>LoadingDoneByProvider</name>
                            <dataType>HLAboolean</dataType>
                            <semantics>Determines whether the service provider (LoadingDoneByProvider = true) or the service consumer (LoadingDoneByProvider = false) takes care of the (un)loading of the material</semantics>
                        </parameter>
                    </interactionClass>
                    <interactionClass>
                        <name>NETN_RequestStorage</name>
                        <sharing>PublishSubscribe</sharing>
                        <dimensions/>
                        <transportation>HLAreliable</transportation>
                        <order>Receive</order>
                        <semantics>NETN_RequestStorage is used by a consumer to initiate a request for storage of supplies. The amount and type of material is included in the request.</semantics>
                        <parameter>
                            <name>SuppliesData</name>
                            <dataType>SupplyArray</dataType>
                            <semantics></semantics>
                        </parameter>
                        <parameter>
                            <name>LoadingDoneByProvider</name>
                            <dataType>HLAboolean</dataType>
                            <semantics>Determines whether the service provider (LoadingDoneByProvider = true) or the service consumer (LoadingDoneByProvider = false) takes care of the (un)loading of the material</semantics>
                        </parameter>
                    </interactionClass>
                    <interactionClass>
                        <name>NETN_RequestRepair</name>
                        <sharing>PublishSubscribe</sharing>
                        <dimensions/>
                        <transportation>HLAreliable</transportation>
                        <order>Receive</order>
                        <semantics></semantics>
                        <parameter>
                            <name>RepairData</name>
                            <dataType>RepairList</dataType>
                            <semantics>List of all requested repairs.</semantics>
                        </parameter>
                    </interactionClass>
                    <interactionClass>
                        <name>NETN_RequestConvoy</name>
                        <sharing>PublishSubscribe</sharing>
                        <dimensions/>
                        <transportation>HLAreliable</transportation>
                        <order>Receive</order>
                        <semantics>A request for a Convoy support. 
The request to transport, embark or disembark a platform is initiated by a NETN_RequestConvoy interaction;</semantics>
                        <parameter>
                            <name>TransportData</name>
                            <dataType>NETN_TransportStruct</dataType>
                            <semantics>data for the convoy</semantics>
                        </parameter>
                    </interactionClass>
                </interactionClass>
                <interactionClass>
                    <name>NETN_OfferService</name>
                    <interactionClass>
                        <name>NETN_OfferSupply</name>
                        <sharing>PublishSubscribe</sharing>
                        <dimensions/>
                        <transportation>HLAreliable</transportation>
                        <order>Receive</order>
                        <semantics>NETN_OfferSupply is used by a supply service provider to indicate which of the requested materials (amount and type) can be offered. In this request the consumer decides whether the loading is done by the provider or by the consumer.</semantics>
                        <parameter>
                            <name>SuppliesData</name>
                            <dataType>SupplyArray</dataType>
                            <semantics>List of type and quantity of supplies offered. May be different from the list of requested supplies. All offered supplies if isOffering = true otherwise Undefined</semantics>
                        </parameter>
                        <parameter>
                            <name>LoadingDoneByProvider</name>
                            <dataType>HLAboolean</dataType>
                            <semantics>Determines whether the service provider (LoadingDoneByProvider = true) or the service consumer (LoadingDoneByProvider = false) takes care of the (un)loading of the material</semantics>
                        </parameter>
                    </interactionClass>
                    <interactionClass>
                        <name>NETN_OfferStorage</name>
                        <sharing>PublishSubscribe</sharing>
                        <dimensions/>
                        <transportation>HLAreliable</transportation>
                        <order>Receive</order>
                        <semantics>NETN_OfferStorage is used by a storage service provider to indicate which (amount and type) of the requested material can be stored.</semantics>
                        <parameter>
                            <name>SuppliesData</name>
                            <dataType>SupplyArray</dataType>
                            <semantics></semantics>
                        </parameter>
                        <parameter>
                            <name>LoadingDoneByProvider</name>
                            <dataType>HLAboolean</dataType>
                            <semantics>Determines whether the service provider (LoadingDoneByProvider = true) or the service consumer (LoadingDoneByProvider = false) takes care of the (un)loading of the material</semantics>
                        </parameter>
                    </interactionClass>
                    <interactionClass>
                        <name>NETN_OfferRepair</name>
                        <sharing>PublishSubscribe</sharing>
                        <dimensions/>
                        <transportation>HLAreliable</transportation>
                        <order>Receive</order>
                        <semantics>The NETN_OfferRepair interaction class shall be sent by a federate simulating the service providing entity in response to a NETN_RequestRepair interaction.</semantics>
                        <parameter>
                            <name>RepairData</name>
                            <dataType>RepairList</dataType>
                            <semantics>List of the type of repairs offered. May be different from the list of requested repairs. List of all offered repairs if isOffering = true otherwise Undefined</semantics>
                        </parameter>
                    </interactionClass>
                    <interactionClass>
                        <name>NETN_OfferConvoy</name>
                        <sharing>PublishSubscribe</sharing>
                        <dimensions/>
                        <transportation>HLAreliable</transportation>
                        <order>Receive</order>
                        <semantics>An Offer for a Convoy support. 
The NETN_OfferConvoy interaction shall be sent by the service providing federate in response to a NETN_RequestConvoy interaction.</semantics>
                        <parameter>
                            <name>TransportData</name>
                            <dataType>NETN_TransportStruct</dataType>
                            <semantics>data for the convoy</semantics>
                        </parameter>
                        <parameter>
                            <name>OfferType</name>
                            <dataType>NETN_OfferTypeEnum32</dataType>
                            <semantics>Provide high level information about the acceptance of the request (Partial, Full)</semantics>
                        </parameter>
                        <parameter>
                            <name>ListOfTransporters</name>
                            <dataType>NETN_ArrayOfObjectDefinition</dataType>
                            <semantics>Platform list of transporters</semantics>
                        </parameter>
                    </interactionClass>
                </interactionClass>
                <interactionClass>
                    <name>NETN_ServiceStarted</name>
                    <interactionClass>
                        <name>NETN_StorageStarted</name>
                        <sharing>PublishSubscribe</sharing>
                        <dimensions/>
                        <transportation>HLAreliable</transportation>
                        <order>Receive</order>
                        <semantics>NETN_StorageStarted is used by a service provider to indicate that the (partial) storage of the requested material has started.</semantics>
                        <parameter>
                            <name>SuppliesData</name>
                            <dataType>SupplyArray</dataType>
                            <semantics></semantics>
                        </parameter>
                    </interactionClass>
                </interactionClass>
                <interactionClass>
                    <name>NETN_ServiceComplete</name>
                    <interactionClass>
                        <name>NETN_SupplyComplete</name>
                        <sharing>PublishSubscribe</sharing>
                        <dimensions/>
                        <transportation>HLAreliable</transportation>
                        <order>Receive</order>
                        <semantics></semantics>
                        <parameter>
                            <name>SuppliesData</name>
                            <dataType>SupplyArray</dataType>
                            <semantics>The amount of supplies, by type, that were transferred from provider to consumer.</semantics>
                        </parameter>
                    </interactionClass>
                </interactionClass>
                <interactionClass>
                    <name>NETN_RejectOffer</name>
                    <interactionClass>
                        <name>NETN_RejectOfferConvoy</name>
                        <sharing>PublishSubscribe</sharing>
                        <dimensions/>
                        <transportation>HLAreliable</transportation>
                        <order>Receive</order>
                        <semantics></semantics>
                        <parameter>
                            <name>Reason</name>
                            <dataType>HLAASCIIstring</dataType>
                            <semantics>Allows to inform about the reason of the reject (free text)</semantics>
                        </parameter>
                    </interactionClass>
                </interactionClass>
                <interactionClass>
                    <name>NETN_CancelService</name>
                    <interactionClass>
                        <name>NETN_CancelConvoy</name>
                        <sharing>PublishSubscribe</sharing>
                        <dimensions/>
                        <transportation>HLAreliable</transportation>
                        <order>Receive</order>
                        <semantics>The NETN_CancelConvoy interaction shall be sent by the service providing or the service consumer federate to cancel the service transaction</semantics>
                        <parameter>
                            <name>Reason</name>
                            <dataType>HLAASCIIstring</dataType>
                            <semantics>Allows to inform about the reason of the cancel (free text)</semantics>
                        </parameter>
                    </interactionClass>
                </interactionClass>
                <interactionClass>
                    <name>NETN_ConvoyEmbarkmentStatus</name>
                    <sharing>PublishSubscribe</sharing>
                    <dimensions/>
                    <transportation>HLAreliable</transportation>
                    <order>Receive</order>
                    <semantics>The NETN_ConvoyEmbarkmentStatus interaction shall be sent by the service provider federate, to inform the service consumer of the embarkment state, after the NETN_ServiceStarted interaction</semantics>
                    <parameter>
                        <name>ListOfObjectEmbarked</name>
                        <dataType>NETN_ArrayOfObjectDefinition</dataType>
                        <semantics>Allows to follow the elements managed by the provider</semantics>
                    </parameter>
                    <parameter>
                        <name>TransportUnitIdentifier</name>
                        <dataType>NETN_Callsign</dataType>
                        <semantics>Callsign of transporter</semantics>
                    </parameter>
                </interactionClass>
                <interactionClass>
                    <name>NETN_ConvoyDisembarkmentStatus</name>
                    <sharing>PublishSubscribe</sharing>
                    <dimensions/>
                    <transportation>HLAreliable</transportation>
                    <order>Receive</order>
                    <semantics>The NETN_ConvoyDisembarkmentStatus interaction shall be sent by the service provider federate, to inform the service consumer of the disembarkment state, after the NETN_ServiceStarted interaction</semantics>
                    <parameter>
                        <name>ListOfObjectDisembarked</name>
                        <dataType>NETN_ArrayOfObjectDefinition</dataType>
                        <semantics>Allows to follow the elements managed by the provider</semantics>
                    </parameter>
                    <parameter>
                        <name>TransportUnitIdentifier</name>
                        <dataType>NETN_Callsign</dataType>
                        <semantics>Callsign of transporter</semantics>
                    </parameter>
                </interactionClass>
                <interactionClass>
                    <name>NETN_ConvoyDestroyedEntities</name>
                    <sharing>PublishSubscribe</sharing>
                    <dimensions/>
                    <transportation>HLAreliable</transportation>
                    <order>Receive</order>
                    <semantics>The NETN_ConvoyDestroyedEntities interaction is used by the service provider federate to give information on managed element to the consumer. This interaction is used only if the provider simulate the destruction of elements managed</semantics>
                    <parameter>
                        <name>ListOfEmbarkedObjectDestroyed</name>
                        <dataType>NETN_ArrayOfObjectDefinition</dataType>
                        <semantics>Allows to follow the elements managed by the provider</semantics>
                    </parameter>
                </interactionClass>
                <interactionClass>
                    <name>NETN_ReadyToReceiveService</name>
                    <interactionClass>
                        <name>NETN_ReadyToReceiveSupply</name>
                        <sharing>PublishSubscribe</sharing>
                        <dimensions/>
                        <transportation>HLAreliable</transportation>
                        <order>Receive</order>
                        <semantics></semantics>
                        <parameter>
                            <name>SuppliesData</name>
                            <dataType>SupplyArray</dataType>
                            <semantics>The amount of supplies, by type, that the consumer is able to accept at the time it declares ReadyToReceive.</semantics>
                        </parameter>
                    </interactionClass>
                </interactionClass>
            </interactionClass>
        </interactionClass>
    </interactions>
    <dimensions/>
    <transportations/>
    <dataTypes>
        <basicDataRepresentations/>
        <simpleDataTypes/>
        <enumeratedDataTypes>
            <enumeratedData>
                <name>NETN_OfferTypeEnum32</name>
                <representation>HLAinteger32BE</representation>
                <semantics></semantics>
                <enumerator>
                    <name>RequestAcknowledgeWithRestriction</name>
                    <value>0</value>
                </enumerator>
                <enumerator>
                    <name>RequestAcknowledgePositive</name>
                    <value>1</value>
                </enumerator>
                <enumerator>
                    <name>RequestAcknowledgeNegative</name>
                    <value>2</value>
                </enumerator>
            </enumeratedData>
            <enumeratedData>
                <name>RepairTypeEnum16</name>
                <representation>HLAinteger16BE</representation>
                <semantics>-NULL-</semantics>
                <enumerator>
                    <name>NoRepairsPerformed</name>
                    <value>0</value>
                </enumerator>
                <enumerator>
                    <name>AllRequestedRepairsPerformed</name>
                    <value>1</value>
                </enumerator>
                <enumerator>
                    <name>MotorOrEngine</name>
                    <value>10</value>
                </enumerator>
                <enumerator>
                    <name>Starter</name>
                    <value>20</value>
                </enumerator>
                <enumerator>
                    <name>Alternator</name>
                    <value>30</value>
                </enumerator>
                <enumerator>
                    <name>Generator</name>
                    <value>40</value>
                </enumerator>
                <enumerator>
                    <name>Battery</name>
                    <value>50</value>
                </enumerator>
                <enumerator>
                    <name>EngineCoolantLeak</name>
                    <value>60</value>
                </enumerator>
                <enumerator>
                    <name>FuelFilter</name>
                    <value>70</value>
                </enumerator>
                <enumerator>
                    <name>TransmissionOilLeak</name>
                    <value>80</value>
                </enumerator>
                <enumerator>
                    <name>EngineOilLeak</name>
                    <value>90</value>
                </enumerator>
                <enumerator>
                    <name>Pumps</name>
                    <value>100</value>
                </enumerator>
                <enumerator>
                    <name>Filters</name>
                    <value>110</value>
                </enumerator>
                <enumerator>
                    <name>Transmission</name>
                    <value>120</value>
                </enumerator>
                <enumerator>
                    <name>Brakes</name>
                    <value>130</value>
                </enumerator>
                <enumerator>
                    <name>SuspensionSystem</name>
                    <value>140</value>
                </enumerator>
                <enumerator>
                    <name>OilFilter</name>
                    <value>150</value>
                </enumerator>
                <enumerator>
                    <name>Hull</name>
                    <value>1000</value>
                </enumerator>
                <enumerator>
                    <name>Airframe</name>
                    <value>1010</value>
                </enumerator>
                <enumerator>
                    <name>TruckBody</name>
                    <value>1020</value>
                </enumerator>
                <enumerator>
                    <name>TankBody</name>
                    <value>1030</value>
                </enumerator>
                <enumerator>
                    <name>TrailerBody</name>
                    <value>1040</value>
                </enumerator>
                <enumerator>
                    <name>Turret</name>
                    <value>1050</value>
                </enumerator>
                <enumerator>
                    <name>Propeller</name>
                    <value>1500</value>
                </enumerator>
                <enumerator>
                    <name>EnvironmentalFilters</name>
                    <value>1520</value>
                </enumerator>
                <enumerator>
                    <name>Wheels</name>
                    <value>1540</value>
                </enumerator>
                <enumerator>
                    <name>Tire</name>
                    <value>1550</value>
                </enumerator>
                <enumerator>
                    <name>Track</name>
                    <value>1560</value>
                </enumerator>
                <enumerator>
                    <name>GunElevationDrive</name>
                    <value>2000</value>
                </enumerator>
                <enumerator>
                    <name>GunStabilizationSystem</name>
                    <value>2010</value>
                </enumerator>
                <enumerator>
                    <name>GunnersPrimarySight_lt_GPS_gt_</name>
                    <value>2020</value>
                </enumerator>
                <enumerator>
                    <name>CommandersExtensionToTheGPS</name>
                    <value>2030</value>
                </enumerator>
                <enumerator>
                    <name>LoadingMechanism</name>
                    <value>2040</value>
                </enumerator>
                <enumerator>
                    <name>GunnersAuxiliarySight</name>
                    <value>2050</value>
                </enumerator>
                <enumerator>
                    <name>GunnersControlPanel</name>
                    <value>2060</value>
                </enumerator>
                <enumerator>
                    <name>GunnersControlAssemblyHandle_slsh_Handles</name>
                    <value>2070</value>
                </enumerator>
                <enumerator>
                    <name>CommandersControlHandles_slsh_Assembly</name>
                    <value>2090</value>
                </enumerator>
                <enumerator>
                    <name>CommandersWeaponStation</name>
                    <value>2100</value>
                </enumerator>
                <enumerator>
                    <name>CommandersIndependentThermalViewer_lt_CITV_gt_</name>
                    <value>2110</value>
                </enumerator>
                <enumerator>
                    <name>GeneralWeapons</name>
                    <value>2120</value>
                </enumerator>
                <enumerator>
                    <name>FuelTransferPump</name>
                    <value>4000</value>
                </enumerator>
                <enumerator>
                    <name>FuelLines</name>
                    <value>4010</value>
                </enumerator>
                <enumerator>
                    <name>Gauges</name>
                    <value>4020</value>
                </enumerator>
                <enumerator>
                    <name>GeneralFuelSystem</name>
                    <value>4030</value>
                </enumerator>
                <enumerator>
                    <name>ElectronicWarfareSystems</name>
                    <value>4500</value>
                </enumerator>
                <enumerator>
                    <name>DetectionSystems</name>
                    <value>4600</value>
                </enumerator>
                <enumerator>
                    <name>ElectronicWarfareRadioFrequency</name>
                    <value>4610</value>
                </enumerator>
                <enumerator>
                    <name>ElectronicWarfareMicrowave</name>
                    <value>4620</value>
                </enumerator>
                <enumerator>
                    <name>ElectronicWarfareInfrared</name>
                    <value>4630</value>
                </enumerator>
                <enumerator>
                    <name>ElectronicWarfareLaser</name>
                    <value>4640</value>
                </enumerator>
                <enumerator>
                    <name>RangeFinders</name>
                    <value>4700</value>
                </enumerator>
                <enumerator>
                    <name>Range-OnlyRadar</name>
                    <value>4710</value>
                </enumerator>
                <enumerator>
                    <name>LaserRangeFinder</name>
                    <value>4720</value>
                </enumerator>
                <enumerator>
                    <name>ElectronicSystems</name>
                    <value>4800</value>
                </enumerator>
                <enumerator>
                    <name>ElectronicSystemsRadioFrequency</name>
                    <value>4810</value>
                </enumerator>
                <enumerator>
                    <name>ElectronicSystemsMicrowave</name>
                    <value>4820</value>
                </enumerator>
                <enumerator>
                    <name>ElectronicSystemsInfrared</name>
                    <value>4830</value>
                </enumerator>
                <enumerator>
                    <name>ElectronicSystemsLaser</name>
                    <value>4840</value>
                </enumerator>
                <enumerator>
                    <name>Radios</name>
                    <value>5000</value>
                </enumerator>
                <enumerator>
                    <name>CommunicationSystems</name>
                    <value>5010</value>
                </enumerator>
                <enumerator>
                    <name>Intercoms</name>
                    <value>5100</value>
                </enumerator>
                <enumerator>
                    <name>Encoders</name>
                    <value>5200</value>
                </enumerator>
                <enumerator>
                    <name>EncryptionDevices</name>
                    <value>5250</value>
                </enumerator>
                <enumerator>
                    <name>Decoders</name>
                    <value>5300</value>
                </enumerator>
                <enumerator>
                    <name>DecryptionDevices</name>
                    <value>5350</value>
                </enumerator>
                <enumerator>
                    <name>Computers</name>
                    <value>5500</value>
                </enumerator>
                <enumerator>
                    <name>NavigationAndControlSystems</name>
                    <value>6000</value>
                </enumerator>
                <enumerator>
                    <name>FireControlSystems</name>
                    <value>6500</value>
                </enumerator>
                <enumerator>
                    <name>AirSupply</name>
                    <value>8000</value>
                </enumerator>
                <enumerator>
                    <name>LifeSupportFilters</name>
                    <value>8010</value>
                </enumerator>
                <enumerator>
                    <name>LifeSupportWaterSupply</name>
                    <value>8020</value>
                </enumerator>
                <enumerator>
                    <name>RefrigerationSystem</name>
                    <value>8030</value>
                </enumerator>
                <enumerator>
                    <name>ChemicalBiologicalAndRadiologicalProtection</name>
                    <value>8040</value>
                </enumerator>
                <enumerator>
                    <name>WaterWashDownSystems</name>
                    <value>8050</value>
                </enumerator>
                <enumerator>
                    <name>DecontaminationSystems</name>
                    <value>8060</value>
                </enumerator>
                <enumerator>
                    <name>HydraulicSystemWaterSupply</name>
                    <value>9000</value>
                </enumerator>
                <enumerator>
                    <name>CoolingSystem</name>
                    <value>9010</value>
                </enumerator>
                <enumerator>
                    <name>Winches</name>
                    <value>9020</value>
                </enumerator>
                <enumerator>
                    <name>Catapults</name>
                    <value>9030</value>
                </enumerator>
                <enumerator>
                    <name>Cranes</name>
                    <value>9040</value>
                </enumerator>
                <enumerator>
                    <name>Launchers</name>
                    <value>9050</value>
                </enumerator>
                <enumerator>
                    <name>LifeBoats</name>
                    <value>10000</value>
                </enumerator>
                <enumerator>
                    <name>LandingCraft</name>
                    <value>10010</value>
                </enumerator>
                <enumerator>
                    <name>EjectionSeats</name>
                    <value>10020</value>
                </enumerator>
                <enumerator>
                    <name>OtherAuxiliaryCraftToBeDefined</name>
                    <value>10030</value>
                </enumerator>
            </enumeratedData>
            <enumeratedData>
                <name>NETN_ConvoyTypeEnum32</name>
                <representation>HLAinteger32BE</representation>
                <semantics></semantics>
                <enumerator>
                    <name>Transport</name>
                    <value>0</value>
                </enumerator>
                <enumerator>
                    <name>Embarkment</name>
                    <value>1</value>
                </enumerator>
                <enumerator>
                    <name>Disembarkment</name>
                    <value>2</value>
                </enumerator>
            </enumeratedData>
        </enumeratedDataTypes>
        <arrayDataTypes>
            <arrayData>
                <name>UniqueIdArrayStruct</name>
                <dataType>NETN_UniqueID</dataType>
                <cardinality>Dynamic</cardinality>
                <encoding>HLAvariableArray</encoding>
                <semantics>-NULL-</semantics>
            </arrayData>
            <arrayData>
                <name>RepairList</name>
                <dataType>RepairStruct</dataType>
                <cardinality>Dynamic</cardinality>
                <encoding>HLAvariableArray</encoding>
                <semantics>List of repair descriptions (equipment and type of repairs).</semantics>
            </arrayData>
            <arrayData>
                <name>RepairTypeList</name>
                <dataType>RepairTypeEnum16</dataType>
                <cardinality>Dynamic</cardinality>
                <encoding>HLAvariableArray</encoding>
                <semantics>List of repair types</semantics>
            </arrayData>
        </arrayDataTypes>
        <fixedRecordDataTypes>
            <fixedRecordData>
                <name>RepairStruct</name>
                <encoding>HLAfixedRecord</encoding>
                <semantics>Repairs associated with a specific material</semantics>
                <field>
                    <name>MaterialID</name>
                    <dataType>NETN_UniqueID</dataType>
                    <semantics>HLA object id for the material.</semantics>
                </field>
                <field>
                    <name>Repairs</name>
                    <dataType>RepairTypeList</dataType>
                    <semantics>List of the types of repair associated with the material.</semantics>
                </field>
            </fixedRecordData>
            <fixedRecordData>
                <name>NETN_DataEDStruct</name>
                <encoding>HLAfixedRecord</encoding>
                <semantics></semantics>
                <field>
                    <name>ObjectToManaged</name>
                    <dataType>NETN_ArrayOfObjectDefinition</dataType>
                    <semantics>Characteristics of the units to be landing or boarding</semantics>
                </field>
                <field>
                    <name>Appointment</name>
                    <dataType>NETN_AppointmentStruct</dataType>
                    <semantics>Expected location for the landing or boarding</semantics>
                </field>
            </fixedRecordData>
            <fixedRecordData>
                <name>NETN_AppointmentStruct</name>
                <encoding>HLAfixedRecord</encoding>
                <semantics>Date ; Time and Location of an appointment</semantics>
                <field>
                    <name>DateTime</name>
                    <dataType>NETN_Integer64BE</dataType>
                    <semantics>Date time in second since 1 junuary 1970 for the appointment</semantics>
                </field>
                <field>
                    <name>Location</name>
                    <dataType>WorldLocationStruct</dataType>
                    <semantics>Location of the appointment</semantics>
                </field>
            </fixedRecordData>
            <fixedRecordData>
                <name>NETN_DataTStruct</name>
                <encoding>HLAfixedRecord</encoding>
                <semantics></semantics>
                <field>
                    <name>ObjectToManaged</name>
                    <dataType>NETN_ArrayOfObjectDefinition</dataType>
                    <semantics>Characteristics of the units to be Transport</semantics>
                </field>
                <field>
                    <name>Appointment</name>
                    <dataType>NETN_AppointmentStruct</dataType>
                    <semantics>Expected location for the boarding</semantics>
                </field>
                <field>
                    <name>FinalAppointment</name>
                    <dataType>NETN_AppointmentStruct</dataType>
                    <semantics>Expected location for the landing</semantics>
                </field>
            </fixedRecordData>
        </fixedRecordDataTypes>
        <variantRecordDataTypes>
            <variantRecordData>
                <name>NETN_TransportStruct</name>
                <discriminant>ConvoyType</discriminant>
                <dataType>NETN_ConvoyTypeEnum32</dataType>
                <alternative>
                    <enumerator>Transport</enumerator>
                    <name>DataTransport</name>
                    <dataType>NETN_DataTStruct</dataType>
                    <semantics>Data for transport</semantics>
                </alternative>
                <alternative>
                    <enumerator>Embarkment</enumerator>
                    <name>DataEmbarkment</name>
                    <dataType>NETN_DataEDStruct</dataType>
                    <semantics>Data for embarkment</semantics>
                </alternative>
                <alternative>
                    <enumerator>Disembarkment</enumerator>
                    <name>DataDisembarkment</name>
                    <dataType>NETN_DataEDStruct</dataType>
                    <semantics>Data for Disembarkment</semantics>
                </alternative>
                <encoding>HLAvariantRecord</encoding>
                <semantics></semantics>
            </variantRecordData>
        </variantRecordDataTypes>
    </dataTypes>
    <notes/>
</objectModel>
